{
"time": [10.75,10.86,10.89,11.05,11.01,10.99,10.99,11.05,11.71,11.25,11.09,11.17,11.07,11.03,11.08,11.13,11.03,11.03,11.15,11.07,11.01],
"perf_time": [11.01583111,10.87916531,10.83065936,10.85859900,10.92829314,10.63246282,10.66411208,10.82594401,10.98073317,10.93345415,10.73100231,10.94825670,10.81399480,10.99894495,10.90293005,10.91918791,11.03854780,10.99486824,10.85012941,10.90193081,10.89511565],
"instructions": [244009611238.00000000,243996057159.00000000,244000531140.00000000,244002968104.00000000,244000927539.00000000,244004840532.00000000,244003610070.00000000,244004376379.00000000,243997226788.00000000,244001593561.00000000,244001650702.00000000,244002332069.00000000,244010357354.00000000,244003024384.00000000,244001711366.00000000,244008682993.00000000,244000614364.00000000,244000343063.00000000,244008047659.00000000,244009431006.00000000,244000251139.00000000],
"cycles": [88832086531.00000000,89056292430.00000000,89837189478.00000000,88385124437.00000000,88891142135.00000000,88986558291.00000000,88770290993.00000000,88154871132.00000000,89142846728.00000000,89413839635.00000000,89217402838.00000000,88475223957.00000000,89190395323.00000000,88482778486.00000000,88079808449.00000000,88766811236.00000000,89118983270.00000000,89638755270.00000000,88378836889.00000000,89272500577.00000000,89562050348.00000000],
"cache-references": [1501206422.00000000,1523601852.00000000,1517074937.00000000,1511000126.00000000,1520808522.00000000,1517141108.00000000,1528304244.00000000,1508592639.00000000,1517734399.00000000,1524278286.00000000,1512014700.00000000,1513806767.00000000,1510619103.00000000,1511084023.00000000,1514488889.00000000,1506169519.00000000,1521638804.00000000,1519492330.00000000,1549687964.00000000,1503871152.00000000,1506992088.00000000],
"cache-misses": [191283092.00000000,192443915.00000000,191703226.00000000,191333626.00000000,191487226.00000000,193056324.00000000,191694050.00000000,193717709.00000000,191611827.00000000,193018380.00000000,190783559.00000000,191945484.00000000,191453474.00000000,192463316.00000000,192842385.00000000,192419004.00000000,191645096.00000000,192790871.00000000,193240958.00000000,191890466.00000000,192642560.00000000],
"branches": [28186048542.00000000,28185443577.00000000,28184091152.00000000,28183423467.00000000,28185127121.00000000,28186703228.00000000,28185448934.00000000,28183514238.00000000,28184132520.00000000,28185658165.00000000,28184180724.00000000,28184866542.00000000,28184023496.00000000,28185128160.00000000,28185317020.00000000,28184958580.00000000,28184324299.00000000,28184941162.00000000,28184518697.00000000,28184543423.00000000,28183697507.00000000],
"branch-misses": [92242349.00000000,92571156.00000000,92037488.00000000,92099792.00000000,92055042.00000000,92226729.00000000,92329576.00000000,92028088.00000000,92201529.00000000,92281949.00000000,92188250.00000000,92153447.00000000,92243940.00000000,92314186.00000000,92325836.00000000,92097063.00000000,92198474.00000000,92394003.00000000,92205866.00000000,92257071.00000000,92219705.00000000],
"cpu-clock": [11.09143811,11.12982752,11.33606558,10.99325202,11.30097281,11.11351427,11.20284783,11.18828057,11.17612519,11.22515118,11.14416652,11.17002472,11.11286327,11.99863078,11.08419055,11.26756254,11.21426602,11.27228564,11.16913975,11.10024511,11.19919863],
"task-clock": [11.30875850,11.18745797,11.14520187,11.13206031,11.24247826,11.16446980,11.18075602,11.14818212,11.11418413,11.15986097,11.08567038,11.08654034,11.08365389,11.11270682,11.20615284,11.26135536,11.09539510,11.09648912,11.26028502,11.28061351,11.28376942],
"faults": [65578.00000000,65792.00000000,65725.00000000,65515.00000000,65287.00000000,65831.00000000,66022.00000000,65568.00000000,65644.00000000,65344.00000000,65720.00000000,65865.00000000,66233.00000000,65212.00000000,65280.00000000,64869.00000000,65758.00000000,65722.00000000,65785.00000000,65828.00000000,65612.00000000],
"minor-faults": [65849.00000000,65913.00000000,65840.00000000,65621.00000000,65673.00000000,65974.00000000,64795.00000000,66061.00000000,65299.00000000,66134.00000000,65526.00000000,65322.00000000,65221.00000000,65101.00000000,65868.00000000,65397.00000000,65232.00000000,65471.00000000,65741.00000000,65387.00000000,65139.00000000],
"major-faults": [9.00000000,9.00000000,9.00000000,9.00000000,9.00000000,9.00000000,9.00000000,9.00000000,9.00000000,9.00000000,9.00000000,9.00000000,9.00000000,9.00000000,9.00000000,9.00000000,8.00000000,9.00000000,9.00000000,9.00000000,9.00000000],
"cs": [6632.00000000,6317.00000000,6408.00000000,6328.00000000,6401.00000000,6439.00000000,6419.00000000,6369.00000000,6467.00000000,6312.00000000,6436.00000000,6426.00000000,6403.00000000,6379.00000000,6342.00000000,6482.00000000,6417.00000000,6297.00000000,6427.00000000,6435.00000000,6328.00000000],
"migrations": [38.00000000,31.00000000,30.00000000,22.00000000,16.00000000,14.00000000,16.00000000,26.00000000,20.00000000,23.00000000,21.00000000,22.00000000,12.00000000,20.00000000,18.00000000,25.00000000,19.00000000,29.00000000,16.00000000,25.00000000,13.00000000],
"L1-dcache-loads": [95933251333.00000000,95827174348.00000000,95821983023.00000000,95935656344.00000000,95946838099.00000000,95888559726.00000000,96006804418.00000000,95924989872.00000000,95930286430.00000000,95902410306.00000000,95867288874.00000000,95892181433.00000000,95919742291.00000000,95923337651.00000000,95921917495.00000000,95860026615.00000000,95927802964.00000000,95837077076.00000000,95890809343.00000000,95969621660.00000000,95912197051.00000000],
"L1-dcache-load-misses": [808757078.00000000,812844632.00000000,808593691.00000000,807246489.00000000,811859880.00000000,811609911.00000000,813584687.00000000,806902844.00000000,810250951.00000000,832634179.00000000,817169371.00000000,814794818.00000000,807619092.00000000,811520630.00000000,813218899.00000000,810918323.00000000,811559618.00000000,805626457.00000000,809535724.00000000,808830081.00000000,811771159.00000000],
"dTLB-loads": [38169628.00000000,38071774.00000000,38186795.00000000,37968981.00000000,38091213.00000000,38011657.00000000,38174035.00000000,38004882.00000000,37632864.00000000,38129400.00000000,38012401.00000000,37983234.00000000,38167265.00000000,37859985.00000000,38028264.00000000,38065500.00000000,37895385.00000000,37845873.00000000,37988275.00000000,37891898.00000000,38465598.00000000],
"dTLB-load-misses": [11082977.00000000,11065120.00000000,11214847.00000000,11135683.00000000,11107013.00000000,11047934.00000000,11212013.00000000,11064812.00000000,11219488.00000000,11092577.00000000,11115837.00000000,11187695.00000000,11081416.00000000,11070364.00000000,11132599.00000000,11217170.00000000,11091002.00000000,11191513.00000000,11071053.00000000,10989429.00000000,11189314.00000000],
"weights": [3547600829.00000000,3569043390.00000000,3551565138.00000000,3518300945.00000000,3526913797.00000000,3533255277.00000000,3591759963.00000000,3582702354.00000000,3536942373.00000000,3585233728.00000000,3510365142.00000000,3549451873.00000000,3559790087.00000000,3539882242.00000000,3597482719.00000000,3560927799.00000000,3554482935.00000000,3532667624.00000000,3549177985.00000000,3535298136.00000000,3562589996.00000000],
"energy": [175957560.00000000,175931393.00000000,175928173.00000000,175914395.00000000,176046789.00000000,176027838.00000000,176149826.00000000,175836289.00000000,175944758.00000000,175947321.00000000,176029760.00000000,175951197.00000000,175937648.00000000,176068653.00000000,175732505.00000000,176021933.00000000,175937801.00000000,176037253.00000000,175966654.00000000,176014030.00000000,175921292.00000000]
}
