{
    "time": 1.6101336875794359,
    "perf_time": 0.9712867033886697,
    "instructions": 0.0015985185272072704,
    "cycles": 0.5330953785976222,
    "cache-references": 0.6726571364622418,
    "cache-misses": 0.3913880702851782,
    "branches": 0.0029308516109339284,
    "branch-misses": 0.13494200885838173,
    "cpu-clock": 1.7150148023398057,
    "task-clock": 0.6455937043910711,
    "faults": 0.4510773072851979,
    "minor-faults": 0.5333338631460747,
    "major-faults": 2.3787957207444568,
    "cs": 1.1374300052006603,
    "migrations": 29.646657221265244,
    "L1-dcache-loads": 0.04666917820203053,
    "L1-dcache-load-misses": 0.6667979918338415,
    "dTLB-loads": 0.4281155564672546,
    "dTLB-load-misses": 0.5863884852618264,
    "weights": 0.6488406387032816,
    "energy": 0.0481202701358963
}