{
    "time": 1.0,
    "perf_time": 1.004199294949495,
    "instructions": 15226037504.646463,
    "cycles": 4024754866.767677,
    "cache-references": 101498934.64646465,
    "cache-misses": 4957397.070707071,
    "branches": 367038434.040404,
    "branch-misses": 555826.3636363636,
    "cpu-clock": 1.0016588676767677,
    "task-clock": 1.0019925808080807,
    "faults": 2182.020202020202,
    "minor-faults": 2182.3232323232323,
    "major-faults": 0.10101010101010101,
    "cs": 6.363636363636363,
    "migrations": 0.0,
    "L1-dcache-loads": 6896165266.868687,
    "L1-dcache-load-misses": 50674026.76767676,
    "dTLB-loads": 1099363.8383838383,
    "dTLB-load-misses": 37163.33333333333,
    "weights": 2959297610.20202,
    "energy": 8531301.11111111
}