{
    "time": 0.6189383284169028,
    "perf_time": 0.4251032265685101,
    "instructions": 0.0002942580184392224,
    "cycles": 0.20494450975609987,
    "cache-references": 0.26041089825822483,
    "cache-misses": 2.282927920717333,
    "branches": 0.0035093789786418013,
    "branch-misses": 0.16038991845641085,
    "cpu-clock": 0.4592997196421484,
    "task-clock": 0.3725663515787212,
    "faults": 0.052372152269694966,
    "minor-faults": 0.05552175826015012,
    "major-faults": 0.0,
    "cs": 19.331095294012865,
    "migrations": 178.88543819998318,
    "L1-dcache-loads": 0.009031048041051488,
    "L1-dcache-load-misses": 0.19591893723209783,
    "dTLB-loads": 0.11577111866669426,
    "dTLB-load-misses": 3.8893405690639185,
    "weights": 0.22432641060745143,
    "energy": 0.11202823787626272
}