{
    "time": 1.0,
    "perf_time": 1.008339627925117,
    "instructions": 5802855133.697348,
    "cycles": 4093072770.670827,
    "cache-references": 116932074.88299532,
    "cache-misses": 34879859.43837754,
    "branches": 888245848.4399376,
    "branch-misses": 47579697.42589703,
    "cpu-clock": 1.0059583463338533,
    "task-clock": 0.9996525444617784,
    "faults": 303.198127925117,
    "minor-faults": 302.88611544461776,
    "major-faults": 0.31201248049922,
    "cs": 6.318252730109204,
    "migrations": 0.15600624024961,
    "L1-dcache-loads": 2783817139.3135724,
    "L1-dcache-load-misses": 80212096.099844,
    "dTLB-loads": 47921525.81903276,
    "dTLB-load-misses": 89314.97659906396,
    "weights": 2857240996.411856,
    "energy": 6885348.673946958
}