{
"time": [12.57,12.88,12.82,12.70,12.77,12.81,12.73,12.66,12.81,12.85,13.00,12.91,12.75,12.84,12.70,12.82,12.84,13.09,12.86,12.73,12.93],
"perf_time": [13.00880874,12.86179157,12.84969872,12.82294289,12.75942581,12.79727283,12.86064100,13.14033860,12.74630021,12.85106831,12.92578770,12.98638882,12.66448149,12.94247397,12.92691403,13.09548110,12.98672364,12.97739930,12.95616858,13.10102198,12.96554439],
"instructions": [74381842443.00000000,74397551468.00000000,74393857445.00000000,74392602814.00000000,74393750797.00000000,74391230038.00000000,74394382733.00000000,74391136281.00000000,74392843692.00000000,74393768063.00000000,74393964788.00000000,74393263836.00000000,74393237887.00000000,74381367986.00000000,74392575958.00000000,74389953252.00000000,74392096422.00000000,74392258174.00000000,74382055082.00000000,74386395056.00000000,74395552479.00000000],
"cycles": [52545748212.00000000,52171024208.00000000,52995809858.00000000,52728847221.00000000,51944615006.00000000,52535201787.00000000,53013315364.00000000,52473192920.00000000,51993982388.00000000,51893084129.00000000,51817329148.00000000,53067180416.00000000,52016619027.00000000,51496136498.00000000,52059202567.00000000,52225572175.00000000,53064321094.00000000,52548359147.00000000,52770261770.00000000,52927842993.00000000,52452055042.00000000],
"cache-references": [1501189548.00000000,1499069200.00000000,1498396776.00000000,1501841941.00000000,1500732491.00000000,1494585550.00000000,1496744427.00000000,1498326461.00000000,1502069633.00000000,1498149938.00000000,1506316885.00000000,1496361946.00000000,1499746970.00000000,1498688606.00000000,1498940503.00000000,1501054116.00000000,1501970401.00000000,1511925567.00000000,1500275816.00000000,1496457635.00000000,1493953953.00000000],
"cache-misses": [447712853.00000000,445112063.00000000,446110043.00000000,445219199.00000000,444696287.00000000,444840598.00000000,448886693.00000000,445251472.00000000,447571258.00000000,448325151.00000000,449218182.00000000,448210609.00000000,447568098.00000000,446326199.00000000,447731189.00000000,447159798.00000000,446132478.00000000,447603212.00000000,448076334.00000000,443515366.00000000,446571184.00000000],
"branches": [11387067123.00000000,11387421850.00000000,11386429174.00000000,11387976432.00000000,11388219938.00000000,11387243299.00000000,11387788360.00000000,11387344454.00000000,11388437480.00000000,11387649347.00000000,11386305249.00000000,11387574317.00000000,11387602229.00000000,11387675230.00000000,11387056084.00000000,11385906051.00000000,11386961988.00000000,11387037437.00000000,11387311777.00000000,11387227384.00000000,11384907179.00000000],
"branch-misses": [611168195.00000000,609971721.00000000,610302858.00000000,611119204.00000000,610056085.00000000,608960269.00000000,610225161.00000000,607953104.00000000,609980074.00000000,610652754.00000000,608907607.00000000,609375588.00000000,609939913.00000000,610257271.00000000,609272900.00000000,609528556.00000000,611665935.00000000,610595964.00000000,609314611.00000000,609659651.00000000,609817916.00000000],
"cpu-clock": [12.79713943,13.15428527,12.87982649,12.80963688,12.94606453,12.90890322,12.62834322,12.92761734,12.75557580,12.98655651,12.74041298,12.90935216,12.87820672,12.83051386,12.99753051,12.98715219,12.79526677,13.04388556,12.93373930,12.89638600,12.88810195],
"task-clock": [12.90082401,12.74436755,12.86300584,12.82080539,12.92973829,12.77753357,12.83969579,12.77261100,12.72690792,12.81554562,12.82143871,12.80397566,12.89271058,12.83784688,12.59784731,12.69060866,12.78745652,12.92936289,12.99632714,12.74059429,12.56236702],
"faults": [3888.00000000,3889.00000000,3888.00000000,3885.00000000,3887.00000000,3885.00000000,3885.00000000,3886.00000000,3886.00000000,3888.00000000,3887.00000000,3886.00000000,3889.00000000,3888.00000000,3887.00000000,3887.00000000,3889.00000000,3889.00000000,3888.00000000,3888.00000000,3887.00000000],
"minor-faults": [3879.00000000,3882.00000000,3882.00000000,3881.00000000,3884.00000000,3883.00000000,3885.00000000,3881.00000000,3884.00000000,3882.00000000,3883.00000000,3883.00000000,3883.00000000,3883.00000000,3884.00000000,3881.00000000,3883.00000000,3882.00000000,3885.00000000,3879.00000000,3886.00000000],
"major-faults": [4.00000000,4.00000000,4.00000000,4.00000000,4.00000000,4.00000000,4.00000000,4.00000000,4.00000000,4.00000000,4.00000000,4.00000000,4.00000000,4.00000000,4.00000000,4.00000000,4.00000000,4.00000000,4.00000000,4.00000000,4.00000000],
"cs": [165.00000000,80.00000000,69.00000000,83.00000000,136.00000000,88.00000000,78.00000000,68.00000000,88.00000000,71.00000000,78.00000000,87.00000000,433.00000000,81.00000000,80.00000000,132.00000000,70.00000000,79.00000000,85.00000000,355.00000000,78.00000000],
"migrations": [6.00000000,0.00000000,2.00000000,2.00000000,0.00000000,2.00000000,1.00000000,0.00000000,3.00000000,0.00000000,1.00000000,3.00000000,2.00000000,0.00000000,2.00000000,1.00000000,3.00000000,2.00000000,1.00000000,5.00000000,1.00000000],
"L1-dcache-loads": [35795490663.00000000,35667384948.00000000,35663441272.00000000,35773383605.00000000,35656140394.00000000,35757902809.00000000,35688535726.00000000,35675869216.00000000,35726898721.00000000,35727601500.00000000,35795210442.00000000,35721900483.00000000,35750489309.00000000,35653298295.00000000,35678579686.00000000,35668634773.00000000,35641718317.00000000,35689313000.00000000,35768036178.00000000,35667095018.00000000,35670944835.00000000],
"L1-dcache-load-misses": [1029177346.00000000,1027114543.00000000,1028319072.00000000,1027791969.00000000,1028311131.00000000,1029070067.00000000,1026909239.00000000,1028659294.00000000,1024800012.00000000,1029195972.00000000,1028353877.00000000,1028719011.00000000,1027204258.00000000,1027244130.00000000,1029732386.00000000,1028944666.00000000,1026639895.00000000,1024554800.00000000,1028610475.00000000,1028804202.00000000,1025249091.00000000],
"dTLB-loads": [617509650.00000000,614036930.00000000,614155372.00000000,617468434.00000000,614672517.00000000,614234278.00000000,617276333.00000000,614339224.00000000,614353961.00000000,614343826.00000000,614474737.00000000,614850485.00000000,614936951.00000000,616606323.00000000,614022331.00000000,614255573.00000000,617364011.00000000,614158026.00000000,614638914.00000000,614345996.00000000,614104397.00000000],
"dTLB-load-misses": [1144286.00000000,1215310.00000000,1290225.00000000,1265000.00000000,1109579.00000000,1391154.00000000,1145018.00000000,1053666.00000000,1117968.00000000,1102587.00000000,1271749.00000000,1312239.00000000,1144497.00000000,990487.00000000,1235136.00000000,938857.00000000,1154398.00000000,1196955.00000000,1091101.00000000,946899.00000000,1303000.00000000],
"weights": [36898235209.00000000,36420575862.00000000,36737988206.00000000,36451641344.00000000,36537316464.00000000,36785204405.00000000,36763326386.00000000,36237676326.00000000,36703239738.00000000,36711984507.00000000,36887142545.00000000,36225407083.00000000,36695845262.00000000,36293490994.00000000,36415152481.00000000,36521130646.00000000,36495465931.00000000,36733201777.00000000,36486540614.00000000,36629829574.00000000,36656595002.00000000],
"energy": [87736323.00000000,88142262.00000000,87923813.00000000,87282305.00000000,88421346.00000000,88270170.00000000,88738911.00000000,88524902.00000000,88312511.00000000,88613840.00000000,88434788.00000000,89099839.00000000,88440205.00000000,87208945.00000000,87733958.00000000,88747714.00000000,86869028.00000000,87089063.00000000,88213120.00000000,88483202.00000000,88168231.00000000]
}
