{
    "time": 0.8882835694137229,
    "perf_time": 0.9223897926477144,
    "instructions": 0.005915102582238068,
    "cycles": 0.867020956920139,
    "cache-references": 0.25664284453044295,
    "cache-misses": 0.33756495750568355,
    "branches": 0.006851533661585808,
    "branch-misses": 0.13640751198351117,
    "cpu-clock": 0.8761385205002794,
    "task-clock": 0.8022989673474423,
    "faults": 0.0335929762857754,
    "minor-faults": 0.045296339762358216,
    "major-faults": 0.0,
    "cs": 78.95995735815919,
    "migrations": 89.14822974308456,
    "L1-dcache-loads": 0.13563858576577892,
    "L1-dcache-load-misses": 0.14066554288930283,
    "dTLB-loads": 0.2043677837217004,
    "dTLB-load-misses": 10.190258949326157,
    "weights": 0.5297602171631814,
    "energy": 0.6614731415152494
}