{
    "time": 1.0,
    "perf_time": 0.9866000733031673,
    "instructions": 22081659010.76923,
    "cycles": 8053082198.280542,
    "cache-references": 137057818.00904977,
    "cache-misses": 17370632.036199093,
    "branches": 2550666655.3846154,
    "branch-misses": 8345674.660633484,
    "cpu-clock": 1.0114140443438915,
    "task-clock": 1.0099421692307693,
    "faults": 5947.511312217194,
    "minor-faults": 5929.954751131221,
    "major-faults": 0.8144796380090498,
    "cs": 579.9095022624434,
    "migrations": 1.9004524886877827,
    "L1-dcache-loads": 8680519664.343891,
    "L1-dcache-load-misses": 73440780.99547511,
    "dTLB-loads": 3440036.28959276,
    "dTLB-load-misses": 1005159.5475113122,
    "weights": 321217364.0723982,
    "energy": 15923185.248868776
}