{
"time": 11.05,
"perf_time": 10.90193081,
"instructions": 244002332069.00000000,
"cycles": 88986558291.00000000,
"cache-references": 1514488889.00000000,
"cache-misses": 191945484.00000000,
"branches": 28184866542.00000000,
"branch-misses": 92219705.00000000,
"cpu-clock": 11.17612519,
"task-clock": 11.15986097,
"faults": 65720.00000000,
"minor-faults": 65526.00000000,
"major-faults": 9.00000000,
"cs": 6408.00000000,
"migrations": 21.00000000,
"L1-dcache-loads": 95919742291.00000000,
"L1-dcache-load-misses": 811520630.00000000,
"dTLB-loads": 38012401.00000000,
"dTLB-load-misses": 11107013.00000000,
"weights": 3549451873.00000000,
"energy": 175951197.00000000
}
