{
"time": 12.82,
"perf_time": 12.90979964,
"instructions": 74394592717.00000000,
"cycles": 52424750919.00000000,
"cache-references": 1498883122.00000000,
"cache-misses": 447636199.00000000,
"branches": 11387486529.00000000,
"branch-misses": 609791252.00000000,
"cpu-clock": 12.88702792,
"task-clock": 12.90229474,
"faults": 3888.00000000,
"minor-faults": 3884.00000000,
"major-faults": 4.00000000,
"cs": 82.00000000,
"migrations": 1.00000000,
"L1-dcache-loads": 35674071605.00000000,
"L1-dcache-load-misses": 1028676309.00000000,
"dTLB-loads": 614235065.00000000,
"dTLB-load-misses": 1135633.00000000,
"weights": 36635112905.00000000,
"energy": 88260862.00000000
}
