{
    "time": 0.9764447002715001,
    "perf_time": 1.093020408731375,
    "instructions": 0.0015283052301421666,
    "cycles": 0.757135814463649,
    "cache-references": 0.09275312796847754,
    "cache-misses": 0.46838824936625123,
    "branches": 0.0018644686332711029,
    "branch-misses": 0.1641590971087017,
    "cpu-clock": 0.7968155203526001,
    "task-clock": 1.0123771298410371,
    "faults": 0.04583061680741223,
    "minor-faults": 0.04584279029398834,
    "major-faults": 0.0,
    "cs": 31.179623908176378,
    "migrations": 105.01812502783574,
    "L1-dcache-loads": 0.1859770905123606,
    "L1-dcache-load-misses": 0.10613654190366202,
    "dTLB-loads": 0.23329411269211128,
    "dTLB-load-misses": 18.218691388945455,
    "weights": 0.5307469364409165,
    "energy": 0.44770437443294064
}