{
"time": [9.75,9.93,9.91,9.83,9.83,9.83,9.89,9.85,9.84,9.98,9.82,9.96,10.01,9.88,9.91,9.95,9.93,9.85,9.93,9.92,9.90],
"perf_time": [9.98283847,9.93421192,9.94157302,9.88809759,9.98241387,9.87325931,9.94495590,9.89424843,9.95557515,9.91846821,9.97214239,9.93165160,10.00535410,9.88405517,9.94466599,9.93098016,9.96176659,9.86919877,9.97282842,9.90392779,10.02599873],
"instructions": [150737771296.00000000,150738303241.00000000,150737977750.00000000,150737348861.00000000,150737458687.00000000,150737830601.00000000,150737651393.00000000,150738378738.00000000,150737903857.00000000,150737397069.00000000,150737259071.00000000,150738179120.00000000,150737989061.00000000,150737250406.00000000,150737585388.00000000,150737561562.00000000,150738568338.00000000,150737517690.00000000,150738147533.00000000,150737550307.00000000,150738936937.00000000],
"cycles": [39801286524.00000000,39817298842.00000000,39910998942.00000000,39934404454.00000000,39940205269.00000000,39820581292.00000000,39708825252.00000000,39702008672.00000000,39772146721.00000000,39975608262.00000000,39941046044.00000000,39795748818.00000000,39947162943.00000000,39795818883.00000000,39964940926.00000000,39806534910.00000000,39943150681.00000000,39845073181.00000000,39873105919.00000000,39835780251.00000000,39935324043.00000000],
"cache-references": [1002117881.00000000,1005532260.00000000,1007736640.00000000,1006494187.00000000,1002927874.00000000,1006798574.00000000,1007742591.00000000,1006639901.00000000,999966813.00000000,1004839453.00000000,1003637036.00000000,1007280206.00000000,1006898188.00000000,1002896095.00000000,999888185.00000000,1000126678.00000000,1004938093.00000000,1005331842.00000000,1000769112.00000000,1003379326.00000000,1001691535.00000000],
"cache-misses": [50654760.00000000,48080931.00000000,50375398.00000000,48859547.00000000,50091942.00000000,50734685.00000000,50465029.00000000,49643578.00000000,49062199.00000000,51482613.00000000,50288771.00000000,49078231.00000000,47707957.00000000,49872936.00000000,47501212.00000000,48107604.00000000,49065595.00000000,48793786.00000000,48472628.00000000,51051028.00000000,48423084.00000000],
"branches": [3633654561.00000000,3633678599.00000000,3633943058.00000000,3633697724.00000000,3633591709.00000000,3633697932.00000000,3633671343.00000000,3633636080.00000000,3633760032.00000000,3633757536.00000000,3633652274.00000000,3633718196.00000000,3633661798.00000000,3633680497.00000000,3633627193.00000000,3633681254.00000000,3633642088.00000000,3634174388.00000000,3633681697.00000000,3633685020.00000000,3633564163.00000000],
"branch-misses": [5512006.00000000,5490178.00000000,5512068.00000000,5503021.00000000,5499190.00000000,5497109.00000000,5497064.00000000,5500709.00000000,5502036.00000000,5502681.00000000,5506459.00000000,5521456.00000000,5503689.00000000,5503244.00000000,5499011.00000000,5505963.00000000,5499696.00000000,5505176.00000000,5493778.00000000,5501420.00000000,5530634.00000000],
"cpu-clock": [9.91593836,9.96170893,9.86770578,9.91227212,9.95676897,9.90377481,9.90544614,10.04120881,9.87802535,9.92437799,9.92997286,9.91260150,9.97297927,9.93403609,10.03727947,9.91548404,9.84781827,9.92259079,9.91611157,9.91642279,9.91711507],
"task-clock": [9.85313915,9.93964025,9.88214920,9.96013105,9.89471931,9.92452054,9.93815309,10.00963875,9.93171934,9.90049026,9.91470376,9.97145098,9.91735470,9.85852212,9.89560163,9.86883352,9.93303524,9.94516954,9.92040235,9.89047596,9.91972655],
"faults": [21592.00000000,21608.00000000,21614.00000000,21605.00000000,21615.00000000,21603.00000000,21606.00000000,21597.00000000,21584.00000000,21590.00000000,21615.00000000,21616.00000000,21596.00000000,21607.00000000,21594.00000000,21627.00000000,21582.00000000,21591.00000000,21600.00000000,21593.00000000,21602.00000000],
"minor-faults": [21613.00000000,21605.00000000,21615.00000000,21614.00000000,21606.00000000,21604.00000000,21595.00000000,21585.00000000,21623.00000000,21611.00000000,21595.00000000,21605.00000000,21617.00000000,21594.00000000,21604.00000000,21615.00000000,21585.00000000,21596.00000000,21624.00000000,21627.00000000,21593.00000000],
"major-faults": [1.00000000,1.00000000,1.00000000,1.00000000,1.00000000,1.00000000,1.00000000,1.00000000,1.00000000,1.00000000,1.00000000,1.00000000,1.00000000,1.00000000,1.00000000,1.00000000,1.00000000,1.00000000,1.00000000,1.00000000,1.00000000],
"cs": [73.00000000,59.00000000,72.00000000,64.00000000,51.00000000,53.00000000,52.00000000,63.00000000,54.00000000,47.00000000,57.00000000,48.00000000,53.00000000,65.00000000,69.00000000,74.00000000,60.00000000,73.00000000,93.00000000,70.00000000,90.00000000],
"migrations": [0.00000000,0.00000000,0.00000000,0.00000000,0.00000000,2.00000000,0.00000000,0.00000000,2.00000000,0.00000000,3.00000000,0.00000000,1.00000000,0.00000000,0.00000000,0.00000000,0.00000000,0.00000000,1.00000000,1.00000000,0.00000000],
"L1-dcache-loads": [68272036142.00000000,68276236610.00000000,68269200054.00000000,68282006658.00000000,68269947809.00000000,68267974832.00000000,68263689834.00000000,68266852993.00000000,68270584806.00000000,68273351958.00000000,68262878388.00000000,68275656999.00000000,68278228496.00000000,68269078777.00000000,68283883824.00000000,68278308103.00000000,68279748671.00000000,68282136915.00000000,68268737005.00000000,68271334833.00000000,68282129433.00000000],
"L1-dcache-load-misses": [501672865.00000000,501849862.00000000,503557423.00000000,502687119.00000000,499612353.00000000,501615897.00000000,502869137.00000000,500612310.00000000,501758164.00000000,501203381.00000000,502225170.00000000,501500416.00000000,501332289.00000000,503019586.00000000,501713882.00000000,501145370.00000000,500289609.00000000,501283955.00000000,502508829.00000000,502439376.00000000,500014931.00000000],
"dTLB-loads": [10883694.00000000,10879800.00000000,10875205.00000000,10899411.00000000,10882490.00000000,10876981.00000000,10880204.00000000,10927685.00000000,10883855.00000000,10880727.00000000,10883702.00000000,10891956.00000000,10883193.00000000,10880837.00000000,10905670.00000000,10886102.00000000,10883873.00000000,10913162.00000000,10888983.00000000,10888319.00000000,10882583.00000000],
"dTLB-load-misses": [371911.00000000,369255.00000000,364056.00000000,366273.00000000,363409.00000000,375987.00000000,365022.00000000,366640.00000000,392639.00000000,393806.00000000,415099.00000000,370998.00000000,367577.00000000,376401.00000000,356676.00000000,401389.00000000,358019.00000000,377584.00000000,367917.00000000,366441.00000000,363686.00000000],
"weights": [29213445491.00000000,29318411794.00000000,29352433059.00000000,29286338366.00000000,29443250783.00000000,29326110951.00000000,29297046341.00000000,29244899528.00000000,29394021436.00000000,29312995526.00000000,29206018062.00000000,29370923419.00000000,29290129934.00000000,29235861466.00000000,29275053603.00000000,29257818914.00000000,29415792002.00000000,29402873053.00000000,29285641912.00000000,29346457265.00000000,29251179857.00000000],
"energy": [84395706.00000000,84324497.00000000,84474666.00000000,84312718.00000000,84282125.00000000,84559454.00000000,84499094.00000000,84459881.00000000,84247749.00000000,84412627.00000000,84591801.00000000,84359986.00000000,84438108.00000000,84523766.00000000,84560950.00000000,84494165.00000000,84489054.00000000,84523171.00000000,84516564.00000000,84368303.00000000,84453716.00000000]
}
