{
"time": 9.90,
"perf_time": 9.94157302,
"instructions": 150737771296.00000000,
"cycles": 39845073181.00000000,
"cache-references": 1004839453.00000000,
"cache-misses": 49078231.00000000,
"branches": 3633680497.00000000,
"branch-misses": 5502681.00000000,
"cpu-clock": 9.91642279,
"task-clock": 9.91972655,
"faults": 21602.00000000,
"minor-faults": 21605.00000000,
"major-faults": 1.00000000,
"cs": 63.00000000,
"migrations": 0.00000000,
"L1-dcache-loads": 68272036142.00000000,
"L1-dcache-load-misses": 501672865.00000000,
"dTLB-loads": 10883702.00000000,
"dTLB-load-misses": 367917.00000000,
"weights": 29297046341.00000000,
"energy": 84459881.00000000
}
