{
"time": 12.82,
"perf_time": 12.92691403,
"instructions": 74392602814.00000000,
"cycles": 52473192920.00000000,
"cache-references": 1499069200.00000000,
"cache-misses": 447159798.00000000,
"branches": 11387311777.00000000,
"branch-misses": 609971721.00000000,
"cpu-clock": 12.89638600,
"task-clock": 12.81554562,
"faults": 3887.00000000,
"minor-faults": 3883.00000000,
"major-faults": 4.00000000,
"cs": 81.00000000,
"migrations": 2.00000000,
"L1-dcache-loads": 35688535726.00000000,
"L1-dcache-load-misses": 1028319072.00000000,
"dTLB-loads": 614353961.00000000,
"dTLB-load-misses": 1145018.00000000,
"weights": 36629829574.00000000,
"energy": 88270170.00000000
}
