{
    "time": 1.0,
    "perf_time": 1.0070046521060843,
    "instructions": 5803010352.340094,
    "cycles": 4089294143.4477377,
    "cache-references": 116917560.21840873,
    "cache-misses": 34917020.20280811,
    "branches": 888259479.6411856,
    "branch-misses": 47565620.28081123,
    "cpu-clock": 1.0052283868954757,
    "task-clock": 1.0064192464898596,
    "faults": 303.2761310452418,
    "minor-faults": 302.9641185647426,
    "major-faults": 0.31201248049922,
    "cs": 6.396255850234009,
    "migrations": 0.078003120124805,
    "L1-dcache-loads": 2782688892.74571,
    "L1-dcache-load-misses": 80239961.70046802,
    "dTLB-loads": 47912251.5600624,
    "dTLB-load-misses": 88582.91731669266,
    "weights": 2857653112.7145085,
    "energy": 6884622.620904836
}