{
    "time": 1.0,
    "perf_time": 1.0058849309623432,
    "instructions": 11228123030.648535,
    "cycles": 4056444111.715481,
    "cache-references": 198311606.79916316,
    "cache-misses": 15746130.020920502,
    "branches": 524913853.2426778,
    "branch-misses": 881292.3640167364,
    "cpu-clock": 1.0025104508368199,
    "task-clock": 1.0020827876569038,
    "faults": 82605.85774058576,
    "minor-faults": 82602.51046025104,
    "major-faults": 3.3472803347280333,
    "cs": 12.447698744769873,
    "migrations": 0.0,
    "L1-dcache-loads": 3863397859.6234307,
    "L1-dcache-load-misses": 138214013.59832636,
    "dTLB-loads": 11280461.715481171,
    "dTLB-load-misses": 5873239.121338912,
    "weights": 1955724901.9874475,
    "energy": 8608582.740585774
}