{
"time": [10.72,9.50,9.47,9.52,9.51,9.51,9.53,10.18,9.59,9.56,9.65,9.56,9.59,9.56,9.54,9.58,9.72,9.52,9.53,9.55,9.60],
"perf_time": [9.59914470,9.61625994,9.70029376,9.61816676,9.60635103,9.61022772,9.62037215,9.61451202,9.61853552,9.87908088,9.60630584,9.57102362,9.62041712,10.63969798,9.65957039,9.61610385,9.60382563,9.63456284,9.61609260,9.62819182,9.59751712],
"instructions": [107341438807.00000000,107342303783.00000000,107341483632.00000000,107337372573.00000000,107341513529.00000000,107340658002.00000000,107340596142.00000000,107340643670.00000000,107340872416.00000000,107340866653.00000000,107341270413.00000000,107340757065.00000000,107339878756.00000000,107341016135.00000000,107337182555.00000000,107340856173.00000000,107340899410.00000000,107340680963.00000000,107340632332.00000000,107340872123.00000000,107336969000.00000000],
"cycles": [38819851043.00000000,38744821988.00000000,38851056042.00000000,39019464373.00000000,38789418517.00000000,39042213147.00000000,38738956754.00000000,38779605708.00000000,38730037095.00000000,38799713924.00000000,38756793441.00000000,38774618227.00000000,38709138689.00000000,38725837666.00000000,38832482466.00000000,38775378167.00000000,38720831384.00000000,38711827750.00000000,38901714175.00000000,38810629151.00000000,38848378792.00000000],
"cache-references": [1902254640.00000000,1899271825.00000000,1903740339.00000000,1891359696.00000000,1893497129.00000000,1897416582.00000000,1895858961.00000000,1897305547.00000000,1892605301.00000000,1883591849.00000000,1910997307.00000000,1892613102.00000000,1894126931.00000000,1881106619.00000000,1896085755.00000000,1898963222.00000000,1883816764.00000000,1904185333.00000000,1890833811.00000000,1900494521.00000000,1895522803.00000000],
"cache-misses": [149669684.00000000,150213250.00000000,154705331.00000000,163356628.00000000,153515111.00000000,151039522.00000000,154368431.00000000,149984415.00000000,152254124.00000000,161519171.00000000,151920210.00000000,148515541.00000000,150328206.00000000,148381269.00000000,155814601.00000000,149807985.00000000,148848341.00000000,159252744.00000000,150533003.00000000,148899455.00000000,147995496.00000000],
"branches": [5018148271.00000000,5019748415.00000000,5018184914.00000000,5018195227.00000000,5018082300.00000000,5018209826.00000000,5018187400.00000000,5018185968.00000000,5018119391.00000000,5018176437.00000000,5018205400.00000000,5018160322.00000000,5018074427.00000000,5017965764.00000000,5018214588.00000000,5018184193.00000000,5018064618.00000000,5018037039.00000000,5018211359.00000000,5018139571.00000000,5018092724.00000000],
"branch-misses": [8469910.00000000,8406074.00000000,8446927.00000000,8408570.00000000,8408608.00000000,8430735.00000000,8436488.00000000,8516320.00000000,8417238.00000000,8432131.00000000,8402350.00000000,8460627.00000000,8431483.00000000,8412892.00000000,8414555.00000000,8440327.00000000,8441857.00000000,8397648.00000000,8412813.00000000,8425155.00000000,8420550.00000000],
"cpu-clock": [9.58399991,9.58117321,9.59934885,9.62511020,9.63173914,9.58702943,9.58111070,9.60392431,9.58741048,9.58148596,9.53721044,9.57767610,9.63150008,10.50040509,9.57581489,10.30809761,9.57724944,9.57711932,9.62837096,9.57784197,9.52397952],
"task-clock": [9.64126086,9.68132192,9.52750798,9.56587301,9.60370026,9.58196975,9.57991145,9.59668300,9.56835085,9.56995749,9.58392545,9.55567949,9.53405836,9.58771282,9.64474853,9.55902693,9.61416463,9.57605424,9.56564686,9.59104168,9.56779994],
"faults": [789714.00000000,789712.00000000,789714.00000000,789711.00000000,789711.00000000,789708.00000000,789712.00000000,789715.00000000,789714.00000000,789712.00000000,789712.00000000,789711.00000000,789713.00000000,789711.00000000,789712.00000000,789712.00000000,789711.00000000,789713.00000000,789710.00000000,789713.00000000,789714.00000000],
"minor-faults": [789679.00000000,789682.00000000,789677.00000000,789681.00000000,789678.00000000,789680.00000000,789682.00000000,789681.00000000,789680.00000000,789680.00000000,789678.00000000,789679.00000000,789678.00000000,789680.00000000,789679.00000000,789683.00000000,789682.00000000,789676.00000000,789682.00000000,789679.00000000,789683.00000000],
"major-faults": [32.00000000,32.00000000,32.00000000,32.00000000,31.00000000,32.00000000,32.00000000,32.00000000,32.00000000,32.00000000,32.00000000,32.00000000,32.00000000,32.00000000,32.00000000,32.00000000,32.00000000,32.00000000,32.00000000,32.00000000,32.00000000],
"cs": [114.00000000,102.00000000,106.00000000,126.00000000,88.00000000,389.00000000,139.00000000,101.00000000,106.00000000,97.00000000,137.00000000,85.00000000,150.00000000,94.00000000,135.00000000,105.00000000,421.00000000,119.00000000,646.00000000,322.00000000,145.00000000],
"migrations": [0.00000000,2.00000000,0.00000000,0.00000000,0.00000000,0.00000000,0.00000000,0.00000000,0.00000000,0.00000000,2.00000000,0.00000000,0.00000000,0.00000000,0.00000000,1.00000000,0.00000000,0.00000000,0.00000000,1.00000000,0.00000000],
"L1-dcache-loads": [36936001121.00000000,36935442329.00000000,36933443079.00000000,36934020324.00000000,36934164528.00000000,36932827925.00000000,36934016498.00000000,36934083538.00000000,36934815024.00000000,36934010684.00000000,36933267408.00000000,36932038029.00000000,36941953566.00000000,36934847091.00000000,36934806940.00000000,36934323473.00000000,36938598129.00000000,36935752329.00000000,36932142991.00000000,36933172308.00000000,36932829468.00000000],
"L1-dcache-load-misses": [1322309400.00000000,1319562491.00000000,1319009503.00000000,1399695118.00000000,1319158333.00000000,1326500983.00000000,1320622242.00000000,1317270186.00000000,1350743252.00000000,1317893959.00000000,1325467729.00000000,1323909527.00000000,1320301295.00000000,1323604040.00000000,1325868220.00000000,1321824677.00000000,1318628002.00000000,1321325970.00000000,1323283809.00000000,1320848375.00000000,1320046469.00000000],
"dTLB-loads": [107726091.00000000,107740297.00000000,107750765.00000000,107361265.00000000,108257002.00000000,107191852.00000000,107908091.00000000,107531015.00000000,108235940.00000000,107913112.00000000,107782337.00000000,107860370.00000000,108473592.00000000,108405130.00000000,108191294.00000000,107585164.00000000,107841214.00000000,107698959.00000000,108417670.00000000,107638063.00000000,108674506.00000000],
"dTLB-load-misses": [55527582.00000000,56089557.00000000,56148166.00000000,55949910.00000000,56308136.00000000,56127430.00000000,56646157.00000000,56172073.00000000,55414217.00000000,56521414.00000000,56154800.00000000,56769798.00000000,55441289.00000000,56660739.00000000,57046481.00000000,56136484.00000000,55635330.00000000,56125557.00000000,56429195.00000000,55726987.00000000,56723580.00000000],
"weights": [18856271828.00000000,18649411426.00000000,18712011340.00000000,18832580083.00000000,18601393448.00000000,18649223890.00000000,18587011136.00000000,18579072215.00000000,19255521738.00000000,19208700632.00000000,18686363613.00000000,18699014047.00000000,18696730063.00000000,19198732283.00000000,18874763013.00000000,18705089876.00000000,18671397008.00000000,18750599711.00000000,18622608479.00000000,18618199035.00000000,18625453339.00000000],
"energy": [82366315.00000000,82211050.00000000,82246922.00000000,82440683.00000000,82592607.00000000,82868227.00000000,82433756.00000000,82189063.00000000,82280428.00000000,82162805.00000000,82260150.00000000,82336623.00000000,82146478.00000000,82100674.00000000,82298051.00000000,82826283.00000000,82214422.00000000,82327194.00000000,82328247.00000000,82206076.00000000,84178294.00000000]
}
