{
    "time": 2.9045357264501517,
    "perf_time": 2.303639372656585,
    "instructions": 0.0013073561183702548,
    "cycles": 0.22944675257950825,
    "cache-references": 0.3703153131346499,
    "cache-misses": 2.799670537682107,
    "branches": 0.006940714667973088,
    "branch-misses": 0.31668483816794724,
    "cpu-clock": 2.513215799336097,
    "task-clock": 0.37043972830341726,
    "faults": 0.0002003532658625298,
    "minor-faults": 0.00024240985443520286,
    "major-faults": 0.6664882198210996,
    "cs": 79.52299958135116,
    "migrations": 219.848432637882,
    "L1-dcache-loads": 0.005902175218013556,
    "L1-dcache-load-misses": 1.3327605483933338,
    "dTLB-loads": 0.3506249914498794,
    "dTLB-load-misses": 0.7929870301601458,
    "weights": 1.0797551745966985,
    "energy": 0.5315054852100389
}