{
    "time": 0.0,
    "perf_time": 0.5835971404371464,
    "instructions": 43.08743903929274,
    "cycles": 0.8126820789499247,
    "cache-references": 88.75801866150715,
    "cache-misses": 113.6011277992931,
    "branches": 90.87546834797156,
    "branch-misses": 112.40403295829518,
    "cpu-clock": 0.6279163772005327,
    "task-clock": 0.30291559416019675,
    "faults": 231.20564335155134,
    "minor-faults": 231.22437040707996,
    "major-faults": 108.49433315871335,
    "cs": 53.23333843175496,
    "migrations": 106.42046609845693,
    "L1-dcache-loads": 53.820383430498254,
    "L1-dcache-load-misses": 100.05412620283907,
    "dTLB-loads": 146.78658109059512,
    "dTLB-load-misses": 243.4337513453763,
    "weights": 24.82445103242255,
    "energy": 14.963531169541216
}