{
    "time": 0.8052390796832094,
    "perf_time": 0.8449848825349083,
    "instructions": 0.0013113449784025212,
    "cycles": 0.21719563116780405,
    "cache-references": 0.8781967330515675,
    "cache-misses": 1.9665451524528847,
    "branches": 0.0038553751544083206,
    "branch-misses": 0.148398715219961,
    "cpu-clock": 0.7446344187561851,
    "task-clock": 0.5874326594630818,
    "faults": 0.03971179654659382,
    "minor-faults": 0.045569565028173276,
    "major-faults": 0.0,
    "cs": 30.202708131858426,
    "migrations": 142.98105692470375,
    "L1-dcache-loads": 0.09572446459194146,
    "L1-dcache-load-misses": 1.1746915696927251,
    "dTLB-loads": 0.8351915521652459,
    "dTLB-load-misses": 3.9219334604420673,
    "weights": 0.523244793293925,
    "energy": 0.4544111698439527
}


