{
"time": 9.56,
"perf_time": 9.61625994,
"instructions": 107340856173.00000000,
"cycles": 38779605708.00000000,
"cache-references": 1895858961.00000000,
"cache-misses": 150533003.00000000,
"branches": 5018176437.00000000,
"branch-misses": 8425155.00000000,
"cpu-clock": 9.58399991,
"task-clock": 9.57991145,
"faults": 789712.00000000,
"minor-faults": 789680.00000000,
"major-faults": 32.00000000,
"cs": 119.00000000,
"migrations": 0.00000000,
"L1-dcache-loads": 36934083538.00000000,
"L1-dcache-load-misses": 1321325970.00000000,
"dTLB-loads": 107841214.00000000,
"dTLB-load-misses": 56148166.00000000,
"weights": 18696730063.00000000,
"energy": 82298051.00000000
}
