{
    "time": 1.0,
    "perf_time": 1.0037884117647058,
    "instructions": 6163139788.067226,
    "cycles": 4066888948.7394958,
    "cache-references": 34790760.336134456,
    "cache-misses": 3681033.613445378,
    "branches": 902936591.4285713,
    "branch-misses": 69015165.71428572,
    "cpu-clock": 1.0002452941176472,
    "task-clock": 1.0021318739495797,
    "faults": 5987.899159663865,
    "minor-faults": 5986.050420168067,
    "major-faults": 2.0168067226890756,
    "cs": 22.857142857142858,
    "migrations": 0.1680672268907563,
    "L1-dcache-loads": 2988335734.6218486,
    "L1-dcache-load-misses": 13385141.512605041,
    "dTLB-loads": 849989.243697479,
    "dTLB-load-misses": 127162.01680672269,
    "weights": 4045059698.1512604,
    "energy": 7801861.680672268
}