{
"time": 5.95,
"perf_time": 5.97254105,
"instructions": 36670681739.00000000,
"cycles": 24197989245.00000000,
"cache-references": 207005024.00000000,
"cache-misses": 21902150.00000000,
"branches": 5372472719.00000000,
"branch-misses": 410640236.00000000,
"cpu-clock": 5.95145950,
"task-clock": 5.96268465,
"faults": 35628.00000000,
"minor-faults": 35617.00000000,
"major-faults": 12.00000000,
"cs": 136.00000000,
"migrations": 1.00000000,
"L1-dcache-loads": 17780597621.00000000,
"L1-dcache-load-misses": 79641592.00000000,
"dTLB-loads": 5057436.00000000,
"dTLB-load-misses": 756614.00000000,
"weights": 24068105204.00000000,
"energy": 46421077.00000000
}
