{
"time": [5.90,5.91,5.89,5.88,5.96,5.98,5.95,5.95,6.07,5.90,5.97,5.97,5.97,5.90,5.98,5.91,5.96,5.96,5.95,5.96,5.90],
"perf_time": [6.01214178,5.94664449,5.95869251,6.02863341,5.97212912,6.02871910,5.97538940,5.96032554,5.94188646,5.97708299,6.01384627,5.98672238,5.97254105,5.98079283,5.96219897,5.92359313,5.97127377,5.96796132,5.94917366,6.15160432,5.98305500],
"instructions": [36670699967.00000000,36670860987.00000000,36670169115.00000000,36670953429.00000000,36670295023.00000000,36669616375.00000000,36671171338.00000000,36670511011.00000000,36669397903.00000000,36670681739.00000000,36671115430.00000000,36669600323.00000000,36670964783.00000000,36668926310.00000000,36670354212.00000000,36676116707.00000000,36670149349.00000000,36671842797.00000000,36670731059.00000000,36671164207.00000000,36669075542.00000000],
"cycles": [24309461868.00000000,24194732928.00000000,24301485809.00000000,24345547689.00000000,24264006783.00000000,24760252590.00000000,24222434108.00000000,24097252027.00000000,24495536360.00000000,24187194228.00000000,24192085416.00000000,24133896555.00000000,24188454665.00000000,24182044031.00000000,24197513408.00000000,24099531362.00000000,24204990385.00000000,24197989245.00000000,24357480686.00000000,24148457851.00000000,24204186377.00000000],
"cache-references": [219127038.00000000,210882953.00000000,207455714.00000000,209350920.00000000,205665634.00000000,206193961.00000000,209389410.00000000,208190962.00000000,206123288.00000000,205864496.00000000,208275291.00000000,205637379.00000000,207718125.00000000,208121228.00000000,205794368.00000000,206445021.00000000,207064743.00000000,206063101.00000000,206515366.00000000,207005024.00000000,206904731.00000000],
"cache-misses": [22273329.00000000,21976706.00000000,21802975.00000000,21450554.00000000,21787251.00000000,21772079.00000000,22053327.00000000,21744187.00000000,21975820.00000000,21946026.00000000,21776205.00000000,21534300.00000000,21775493.00000000,22561528.00000000,21846405.00000000,22186614.00000000,21993324.00000000,21932087.00000000,21709191.00000000,21902150.00000000,21925676.00000000],
"branches": [5373055360.00000000,5372513949.00000000,5372595467.00000000,5373160953.00000000,5372625223.00000000,5372188948.00000000,5372425030.00000000,5372379735.00000000,5372451728.00000000,5372227023.00000000,5372456411.00000000,5373715883.00000000,5372272918.00000000,5372525150.00000000,5373005198.00000000,5372185639.00000000,5372472719.00000000,5372543239.00000000,5372220698.00000000,5373032192.00000000,5372308810.00000000],
"branch-misses": [410387458.00000000,410428398.00000000,410711503.00000000,410572002.00000000,410420699.00000000,410843197.00000000,410835858.00000000,410407243.00000000,410633794.00000000,410746702.00000000,410521073.00000000,410660207.00000000,410727540.00000000,411138674.00000000,410413182.00000000,411536243.00000000,410640236.00000000,411013843.00000000,410786051.00000000,410427392.00000000,410555560.00000000],
"cpu-clock": [5.92084759,5.95927254,5.93573830,5.95059333,5.96118578,6.00662597,5.93639419,6.04346364,5.95787543,5.94564973,5.93148327,5.95331694,6.07694583,5.97017321,5.92800782,5.93123904,6.01752713,5.93678257,5.94329481,6.02081038,5.95145950],
"task-clock": [6.13023468,6.00749557,5.92906578,5.95886418,5.89040686,5.96605605,5.93298976,5.89950456,6.17412781,5.98132963,5.94136698,5.93282745,5.93698225,6.01944149,5.94893145,6.12821724,5.99681617,5.92810846,5.96268465,5.96747816,6.03399927],
"faults": [35629.00000000,35626.00000000,35626.00000000,35629.00000000,35630.00000000,35628.00000000,35626.00000000,35622.00000000,35628.00000000,35629.00000000,35628.00000000,35627.00000000,35630.00000000,35628.00000000,35629.00000000,35626.00000000,35625.00000000,35629.00000000,35629.00000000,35627.00000000,35628.00000000],
"minor-faults": [35614.00000000,35616.00000000,35616.00000000,35614.00000000,35616.00000000,35618.00000000,35615.00000000,35617.00000000,35617.00000000,35619.00000000,35615.00000000,35617.00000000,35618.00000000,35617.00000000,35619.00000000,35616.00000000,35614.00000000,35618.00000000,35617.00000000,35617.00000000,35617.00000000],
"major-faults": [11.00000000,12.00000000,11.00000000,11.00000000,11.00000000,11.00000000,11.00000000,12.00000000,12.00000000,12.00000000,12.00000000,11.00000000,12.00000000,12.00000000,12.00000000,12.00000000,11.00000000,12.00000000,11.00000000,12.00000000,11.00000000],
"cs": [140.00000000,137.00000000,153.00000000,140.00000000,142.00000000,117.00000000,157.00000000,155.00000000,413.00000000,115.00000000,126.00000000,108.00000000,114.00000000,124.00000000,128.00000000,130.00000000,109.00000000,136.00000000,108.00000000,151.00000000,137.00000000],
"migrations": [0.00000000,4.00000000,1.00000000,2.00000000,0.00000000,1.00000000,3.00000000,3.00000000,0.00000000,0.00000000,3.00000000,0.00000000,0.00000000,3.00000000,0.00000000,0.00000000,0.00000000,0.00000000,3.00000000,3.00000000,1.00000000],
"L1-dcache-loads": [17811128314.00000000,17827803769.00000000,17748211288.00000000,17780597621.00000000,17648004707.00000000,17723955578.00000000,17892111010.00000000,17828388788.00000000,17854725450.00000000,17615706647.00000000,17749017962.00000000,17767342666.00000000,17781519560.00000000,17623007984.00000000,17961058991.00000000,17677208162.00000000,17778781452.00000000,17943418202.00000000,17894833642.00000000,17771143578.00000000,17947811022.00000000],
"L1-dcache-load-misses": [79843220.00000000,79883546.00000000,79481204.00000000,79641592.00000000,78998794.00000000,78721900.00000000,79176539.00000000,102435421.00000000,80902547.00000000,79745656.00000000,80652453.00000000,87299197.00000000,78472237.00000000,79513054.00000000,80305536.00000000,79596529.00000000,80274013.00000000,78734207.00000000,80347015.00000000,78894644.00000000,79347952.00000000],
"dTLB-loads": [5053673.00000000,5024910.00000000,5046688.00000000,4989141.00000000,5050798.00000000,5103797.00000000,5124344.00000000,5046495.00000000,5120689.00000000,5242796.00000000,5047686.00000000,5173141.00000000,5010460.00000000,5217652.00000000,5057436.00000000,5032155.00000000,5093862.00000000,5027377.00000000,5088177.00000000,5182158.00000000,5090097.00000000],
"dTLB-load-misses": [769358.00000000,844830.00000000,753313.00000000,758963.00000000,747998.00000000,749061.00000000,751622.00000000,817897.00000000,753718.00000000,750575.00000000,762774.00000000,756614.00000000,758249.00000000,854275.00000000,749327.00000000,750622.00000000,762195.00000000,748718.00000000,750970.00000000,758883.00000000,768324.00000000],
"weights": [24000943117.00000000,23774873558.00000000,24068105204.00000000,24157965783.00000000,24213192280.00000000,24066972357.00000000,23911204217.00000000,23875589844.00000000,23885674150.00000000,24114090180.00000000,24078869270.00000000,24176213322.00000000,23807993957.00000000,23978652281.00000000,23994606992.00000000,24157426133.00000000,23959856055.00000000,24182638985.00000000,24083105200.00000000,24124454374.00000000,24154680487.00000000],
"energy": [45626166.00000000,46030502.00000000,46370329.00000000,46644347.00000000,46635467.00000000,46451287.00000000,46290178.00000000,46474800.00000000,46141702.00000000,46149331.00000000,45845743.00000000,46311524.00000000,46363890.00000000,46802924.00000000,47003199.00000000,48369477.00000000,46608002.00000000,46421077.00000000,45969760.00000000,46771308.00000000,46654020.00000000]
}
