{
    "time": 1.0,
    "perf_time": 0.9892908311076197,
    "instructions": 8535484080.282796,
    "cycles": 4010050131.5003924,
    "cache-references": 11107870.384917518,
    "cache-misses": 2656477.297721917,
    "branches": 379305406.6771406,
    "branch-misses": 217576.66928515318,
    "cpu-clock": 0.98722589709348,
    "task-clock": 1.0028515082482325,
    "faults": 367.0856245090338,
    "minor-faults": 365.2003142183818,
    "major-faults": 0.07855459544383346,
    "cs": 11.390416339355852,
    "migrations": 0.15710919088766692,
    "L1-dcache-loads": 1142219158.2875097,
    "L1-dcache-load-misses": 5382757.109190888,
    "dTLB-loads": 180146.19010212098,
    "dTLB-load-misses": 37598.42890809112,
    "weights": 1818661683.896308,
    "energy": 5003352.317360565
}