{
"time": 12.73,
"perf_time": 12.59367228,
"instructions": 108656712342.00000000,
"cycles": 51047938174.00000000,
"cache-references": 141403190.00000000,
"cache-misses": 33816956.00000000,
"branches": 4828557827.00000000,
"branch-misses": 2769751.00000000,
"cpu-clock": 12.56738567,
"task-clock": 12.76629970,
"faults": 4673.00000000,
"minor-faults": 4649.00000000,
"major-faults": 1.00000000,
"cs": 145.00000000,
"migrations": 2.00000000,
"L1-dcache-loads": 14540449885.00000000,
"L1-dcache-load-misses": 68522498.00000000,
"dTLB-loads": 2293261.00000000,
"dTLB-load-misses": 478628.00000000,
"weights": 23151563236.00000000,
"energy": 63692675.00000000
}
