{
"time": [12.93,12.39,12.73,12.36,12.88,12.51,13.13,12.41,12.97,12.70,13.13,13.17,13.12,12.38,12.85,13.04,12.81,12.47,12.42,12.45,12.58],
"perf_time": [12.79480164,12.66408691,12.55593555,12.66043212,12.74481587,12.52899500,12.47467215,12.51679520,12.64403541,12.48539074,12.72209234,12.98745478,12.46177329,12.52143372,12.59367228,12.64999276,12.43395692,12.45096363,12.63501903,12.69057082,12.43364843],
"instructions": [108657149319.00000000,108656712342.00000000,108657564751.00000000,108657062089.00000000,108657784518.00000000,108656224721.00000000,108657191001.00000000,108656333176.00000000,108656585259.00000000,108657526683.00000000,108655856778.00000000,108656449637.00000000,108655327950.00000000,108656951020.00000000,108655596242.00000000,108657654594.00000000,108655863040.00000000,108656560282.00000000,108657291656.00000000,108655919772.00000000,108658653124.00000000],
"cycles": [51079935506.00000000,51191167920.00000000,51043527457.00000000,51064109836.00000000,51009707198.00000000,51023770557.00000000,50963982836.00000000,51171270412.00000000,51020987192.00000000,51148022616.00000000,51069542043.00000000,51105909098.00000000,51036581905.00000000,51019505260.00000000,50907797021.00000000,51206635043.00000000,51039494885.00000000,51143787955.00000000,51047938174.00000000,51163319696.00000000,50998094416.00000000],
"cache-references": [139800745.00000000,141762731.00000000,139716425.00000000,141827174.00000000,144101548.00000000,142959571.00000000,141154124.00000000,143319840.00000000,145884299.00000000,141771325.00000000,140300836.00000000,141534440.00000000,142163877.00000000,139543107.00000000,141403190.00000000,135489749.00000000,140087601.00000000,141125658.00000000,140889823.00000000,141256729.00000000,142358739.00000000],
"cache-misses": [33861832.00000000,33967253.00000000,34017997.00000000,34253364.00000000,33432397.00000000,33952204.00000000,33657294.00000000,34381405.00000000,32685775.00000000,33596428.00000000,35186192.00000000,31976141.00000000,34743866.00000000,33813015.00000000,35621930.00000000,34385474.00000000,33347221.00000000,32503969.00000000,33749248.00000000,33816956.00000000,33772336.00000000],
"branches": [4828568340.00000000,4828530511.00000000,4828397322.00000000,4828533366.00000000,4828700800.00000000,4828324559.00000000,4828705369.00000000,4828766066.00000000,4828776364.00000000,4828412821.00000000,4828365833.00000000,4828557827.00000000,4828473110.00000000,4828332757.00000000,4828577673.00000000,4828664755.00000000,4828589646.00000000,4828741709.00000000,4828522386.00000000,4828483024.00000000,4828575796.00000000],
"branch-misses": [2769751.00000000,2766408.00000000,2698253.00000000,2774820.00000000,2774638.00000000,2783050.00000000,2730845.00000000,2771540.00000000,2789511.00000000,2761912.00000000,2769799.00000000,2754512.00000000,2779654.00000000,2735830.00000000,2782435.00000000,2779782.00000000,2747632.00000000,2728992.00000000,2781265.00000000,2685945.00000000,2760950.00000000],
"cpu-clock": [12.90208646,12.56738567,12.82340409,12.41310510,13.00772433,12.56236560,13.09415468,12.45093186,12.33413079,12.77018364,12.44237077,12.33034197,12.62704343,12.84702866,12.60805173,12.39631357,12.38016369,12.33747324,12.79404022,12.53426804,12.77250318],
"task-clock": [12.75637452,12.78352942,12.52923351,12.76367320,12.51909232,12.51137870,12.67552634,12.88697779,12.65924207,12.75043225,13.07419670,12.77516606,12.48878780,12.66085914,12.94065886,12.76629970,12.82731374,12.94590927,12.80921364,12.92955684,12.85751090],
"faults": [4704.00000000,4646.00000000,4746.00000000,4705.00000000,4688.00000000,4681.00000000,4605.00000000,4673.00000000,4576.00000000,4581.00000000,4639.00000000,4677.00000000,4626.00000000,4642.00000000,4635.00000000,4705.00000000,4739.00000000,4621.00000000,4695.00000000,4697.00000000,4618.00000000],
"minor-faults": [4591.00000000,4611.00000000,4604.00000000,4649.00000000,4704.00000000,4627.00000000,4574.00000000,4613.00000000,4655.00000000,4737.00000000,4656.00000000,4573.00000000,4680.00000000,4599.00000000,4673.00000000,4614.00000000,4702.00000000,4749.00000000,4630.00000000,4667.00000000,4660.00000000],
"major-faults": [1.00000000,1.00000000,1.00000000,1.00000000,1.00000000,1.00000000,1.00000000,1.00000000,1.00000000,1.00000000,1.00000000,1.00000000,1.00000000,1.00000000,1.00000000,1.00000000,1.00000000,1.00000000,1.00000000,1.00000000,1.00000000],
"cs": [150.00000000,113.00000000,126.00000000,142.00000000,164.00000000,179.00000000,145.00000000,160.00000000,156.00000000,160.00000000,152.00000000,146.00000000,136.00000000,129.00000000,132.00000000,138.00000000,121.00000000,114.00000000,199.00000000,174.00000000,123.00000000],
"migrations": [2.00000000,1.00000000,4.00000000,2.00000000,1.00000000,8.00000000,5.00000000,5.00000000,1.00000000,3.00000000,1.00000000,1.00000000,4.00000000,0.00000000,2.00000000,7.00000000,6.00000000,4.00000000,1.00000000,2.00000000,4.00000000],
"L1-dcache-loads": [14545198032.00000000,14548197159.00000000,14541467127.00000000,14540449885.00000000,14539309713.00000000,14547002323.00000000,14537012322.00000000,14568015682.00000000,14533605255.00000000,14540434693.00000000,14535106502.00000000,14537208539.00000000,14550991776.00000000,14545339500.00000000,14532422585.00000000,14539626218.00000000,14552454136.00000000,14535682911.00000000,14551082791.00000000,14544984446.00000000,14535508078.00000000],
"L1-dcache-load-misses": [67828037.00000000,67994029.00000000,70489744.00000000,67047331.00000000,70270691.00000000,72263545.00000000,69253975.00000000,68556870.00000000,67645011.00000000,68314918.00000000,68522498.00000000,68606728.00000000,67192671.00000000,68790218.00000000,64674573.00000000,67474551.00000000,67132438.00000000,68813879.00000000,68840982.00000000,70826789.00000000,68169774.00000000],
"dTLB-loads": [2307339.00000000,2303702.00000000,2282737.00000000,2235544.00000000,2321095.00000000,2298914.00000000,2232004.00000000,2268873.00000000,2293261.00000000,2294963.00000000,2237907.00000000,2259060.00000000,2307108.00000000,2314209.00000000,2205668.00000000,2224889.00000000,2305683.00000000,2297796.00000000,2240943.00000000,2279306.00000000,2300938.00000000],
"dTLB-load-misses": [475549.00000000,484145.00000000,490036.00000000,476111.00000000,484026.00000000,474427.00000000,447580.00000000,476020.00000000,485223.00000000,470389.00000000,469838.00000000,479119.00000000,484307.00000000,479938.00000000,481422.00000000,477812.00000000,481298.00000000,475120.00000000,492163.00000000,471903.00000000,478628.00000000],
"weights": [23163628614.00000000,23102435683.00000000,23145786863.00000000,23188415177.00000000,23146635748.00000000,23106776105.00000000,23175894181.00000000,23172188428.00000000,23090640271.00000000,23211614585.00000000,23178207449.00000000,23118416246.00000000,23151563236.00000000,23056668362.00000000,23157682871.00000000,23186719996.00000000,23105344255.00000000,23153159713.00000000,23147225811.00000000,23144810392.00000000,23157695470.00000000],
"energy": [63585396.00000000,63554605.00000000,63504696.00000000,63498318.00000000,63536921.00000000,63537394.00000000,63757995.00000000,63620535.00000000,63643102.00000000,63756529.00000000,63692675.00000000,63775999.00000000,63652348.00000000,63660038.00000000,63820552.00000000,63813610.00000000,63725312.00000000,63732071.00000000,63817211.00000000,63803829.00000000,63797818.00000000]
}
