{
    "time": 2.229950262182467,
    "perf_time": 1.0827087222043357,
    "instructions": 0.0007455705095784441,
    "cycles": 0.1492112301855001,
    "cache-references": 1.402813410785002,
    "cache-misses": 2.3894692129648334,
    "branches": 0.002800117523377278,
    "branch-misses": 0.9932652286383838,
    "cpu-clock": 1.8081703474100665,
    "task-clock": 1.2117379372993506,
    "faults": 1.005870875577457,
    "minor-faults": 1.0456879616378862,
    "major-faults": 0.0,
    "cs": 14.890980485583732,
    "migrations": 71.22669575025927,
    "L1-dcache-loads": 0.05581034341810401,
    "L1-dcache-load-misses": 2.263734757484065,
    "dTLB-loads": 1.4713094015000328,
    "dTLB-load-misses": 1.8609776740818065,
    "weights": 0.15759917480594676,
    "energy": 0.1703105333496107
}