{
"time": 9.99,
"perf_time": 10.05602828,
"instructions": 60825772437.00000000,
"cycles": 40937498068.00000000,
"cache-references": 127614230.00000000,
"cache-misses": 7598673.00000000,
"branches": 6801470955.00000000,
"branch-misses": 98672479.00000000,
"cpu-clock": 10.06148407,
"task-clock": 10.06561497,
"faults": 12644.00000000,
"minor-faults": 12640.00000000,
"major-faults": 3.00000000,
"cs": 74.00000000,
"migrations": 0.00000000,
"L1-dcache-loads": 35038309720.00000000,
"L1-dcache-load-misses": 47151262.00000000,
"dTLB-loads": 1745565.00000000,
"dTLB-load-misses": 620238.00000000,
"weights": 37666231556.00000000,
"energy": 72918318.00000000
}
