{
    "time": 0.5354409020718872,
    "perf_time": 0.3309670640810432,
    "instructions": 0.0013153338384347874,
    "cycles": 0.05927318480275655,
    "cache-references": 3.467442759189137,
    "cache-misses": 1.6501623841884365,
    "branches": 0.0042013713301748395,
    "branch-misses": 0.043765815429826625,
    "cpu-clock": 0.27147536884076484,
    "task-clock": 0.3654520312392826,
    "faults": 0.014091969202627107,
    "minor-faults": 0.011340112530171956,
    "major-faults": 0.0,
    "cs": 29.225792355540474,
    "migrations": 175.59422921421236,
    "L1-dcache-loads": 0.02320876426102236,
    "L1-dcache-load-misses": 1.0166225909921163,
    "dTLB-loads": 2.3974212269487047,
    "dTLB-load-misses": 0.5295323127657566,
    "weights": 0.2813531856790364,
    "energy": 0.16387918713306218
}