{
    "time": 1.0,
    "perf_time": 1.0066094374374375,
    "instructions": 6088665909.60961,
    "cycles": 4097847654.4544544,
    "cache-references": 12774197.197197197,
    "cache-misses": 760627.9279279279,
    "branches": 680827923.4234234,
    "branch-misses": 9877125.025025025,
    "cpu-clock": 1.0071555625625626,
    "task-clock": 1.007569066066066,
    "faults": 1265.6656656656655,
    "minor-faults": 1265.2652652652653,
    "major-faults": 0.3003003003003003,
    "cs": 7.407407407407407,
    "migrations": 0.0,
    "L1-dcache-loads": 3507338310.3103104,
    "L1-dcache-load-misses": 4719846.046046046,
    "dTLB-loads": 174731.2312312312,
    "dTLB-load-misses": 62085.88588588589,
    "weights": 3770393549.149149,
    "energy": 7299130.930930931
}