{
"time": [9.85,9.86,9.95,9.92,9.94,9.92,10.01,9.99,9.95,9.98,10.06,10.00,9.96,10.03,10.01,10.01,10.02,9.99,10.03,10.02,9.99],
"perf_time": [10.14992415,10.06932089,10.04051891,10.01684446,10.09285677,10.05202155,10.05895037,10.06445980,10.01896330,10.07026752,10.05591772,10.05172654,10.05602828,10.04966609,10.08056988,10.06764086,10.05184032,10.07325645,10.15733214,10.04979746,10.05031694],
"instructions": [60825345381.00000000,60825240702.00000000,60825772437.00000000,60826106216.00000000,60826559442.00000000,60825275259.00000000,60825538182.00000000,60825410310.00000000,60825155466.00000000,60827316125.00000000,60825688781.00000000,60825487014.00000000,60824860855.00000000,60823991181.00000000,60826052950.00000000,60825800676.00000000,60825926740.00000000,60826076567.00000000,60826135937.00000000,60827364968.00000000,60827239789.00000000],
"cycles": [40937498068.00000000,40985751444.00000000,40928290672.00000000,40943972145.00000000,40925927711.00000000,41016493413.00000000,40966034139.00000000,40967148997.00000000,40917106128.00000000,40927963141.00000000,40936546348.00000000,40946594367.00000000,40981388925.00000000,40939503235.00000000,40934564147.00000000,40934573861.00000000,40969518347.00000000,40929513493.00000000,40944100273.00000000,40925430204.00000000,40933631396.00000000],
"cache-references": [128995184.00000000,127296398.00000000,126938588.00000000,127754216.00000000,127674454.00000000,148467240.00000000,126956077.00000000,129406563.00000000,127650696.00000000,128793018.00000000,127116825.00000000,127522843.00000000,127371750.00000000,130292331.00000000,127387895.00000000,127614230.00000000,128282375.00000000,126980435.00000000,127564753.00000000,128162863.00000000,127552865.00000000],
"cache-misses": [7484581.00000000,7514388.00000000,7660904.00000000,7573192.00000000,7650438.00000000,7461853.00000000,7623941.00000000,7895550.00000000,7624434.00000000,7598673.00000000,7584406.00000000,7684216.00000000,7938915.00000000,7511365.00000000,7811727.00000000,7730895.00000000,7581393.00000000,7498437.00000000,7547183.00000000,7653021.00000000,7534598.00000000],
"branches": [6801850264.00000000,6801314558.00000000,6801564739.00000000,6802173051.00000000,6801341683.00000000,6801510424.00000000,6801196783.00000000,6801470955.00000000,6801714795.00000000,6802154508.00000000,6801836075.00000000,6801381749.00000000,6801640193.00000000,6801410800.00000000,6801352010.00000000,6801377815.00000000,6801283552.00000000,6801090449.00000000,6801538937.00000000,6801425876.00000000,6801878815.00000000],
"branch-misses": [98684196.00000000,98646910.00000000,98676574.00000000,98672479.00000000,98691542.00000000,98738050.00000000,98686093.00000000,98667022.00000000,98656472.00000000,98666403.00000000,98666562.00000000,98688313.00000000,98814804.00000000,98656887.00000000,98704013.00000000,98663959.00000000,98653821.00000000,98653445.00000000,98768041.00000000,98754009.00000000,98653026.00000000],
"cpu-clock": [10.08417906,10.03157357,10.06714100,10.10019569,10.08914876,10.03480219,10.03351557,10.07393216,10.06148407,9.99307035,10.07597404,10.08916371,10.03176786,10.08650653,10.03904337,10.05376186,10.04448400,10.09575204,10.03584087,10.04323566,10.07697515],
"task-clock": [10.13626327,10.07679782,10.10313224,10.04362936,10.12662133,10.00487646,10.07204624,10.09198180,10.05041737,10.06561497,10.04123939,10.03580308,10.02200384,10.10542939,10.09737816,10.09910345,10.02090894,10.02938753,10.03121263,10.08094436,10.03091552],
"faults": [12644.00000000,12643.00000000,12642.00000000,12641.00000000,12642.00000000,12640.00000000,12643.00000000,12644.00000000,12645.00000000,12643.00000000,12647.00000000,12644.00000000,12644.00000000,12644.00000000,12644.00000000,12642.00000000,12642.00000000,12645.00000000,12647.00000000,12645.00000000,12646.00000000],
"minor-faults": [12639.00000000,12640.00000000,12641.00000000,12640.00000000,12639.00000000,12640.00000000,12639.00000000,12637.00000000,12641.00000000,12638.00000000,12640.00000000,12640.00000000,12639.00000000,12637.00000000,12638.00000000,12642.00000000,12637.00000000,12640.00000000,12639.00000000,12640.00000000,12642.00000000],
"major-faults": [3.00000000,3.00000000,3.00000000,3.00000000,3.00000000,3.00000000,3.00000000,3.00000000,3.00000000,3.00000000,3.00000000,3.00000000,3.00000000,3.00000000,3.00000000,3.00000000,3.00000000,3.00000000,3.00000000,3.00000000,3.00000000],
"cs": [74.00000000,61.00000000,72.00000000,84.00000000,61.00000000,122.00000000,64.00000000,61.00000000,83.00000000,58.00000000,54.00000000,113.00000000,124.00000000,128.00000000,68.00000000,97.00000000,54.00000000,75.00000000,67.00000000,77.00000000,109.00000000],
"migrations": [0.00000000,0.00000000,3.00000000,0.00000000,0.00000000,0.00000000,0.00000000,2.00000000,0.00000000,1.00000000,0.00000000,0.00000000,1.00000000,0.00000000,2.00000000,3.00000000,0.00000000,0.00000000,0.00000000,0.00000000,0.00000000],
"L1-dcache-loads": [35039782215.00000000,35032127924.00000000,35043779670.00000000,35040116783.00000000,35037872290.00000000,35042408323.00000000,35040175452.00000000,35039469943.00000000,35036492818.00000000,35022968583.00000000,35036717676.00000000,35043665871.00000000,35011063123.00000000,35021620255.00000000,35036889518.00000000,35038309720.00000000,35038916251.00000000,35033826206.00000000,35031961445.00000000,35044673013.00000000,35042236072.00000000],
"L1-dcache-load-misses": [46801365.00000000,47158498.00000000,46850219.00000000,46772773.00000000,46990523.00000000,48840320.00000000,46917818.00000000,46759795.00000000,47889235.00000000,47102485.00000000,47255333.00000000,47633958.00000000,47465501.00000000,47754223.00000000,46874211.00000000,47151262.00000000,46867163.00000000,47210646.00000000,47479885.00000000,46985161.00000000,47209292.00000000],
"dTLB-loads": [1775103.00000000,1732510.00000000,1750585.00000000,1754188.00000000,1691501.00000000,1727857.00000000,1762243.00000000,1779542.00000000,1679195.00000000,1776758.00000000,1722914.00000000,1780995.00000000,1804314.00000000,1731482.00000000,1754846.00000000,1732423.00000000,1707619.00000000,1765722.00000000,1615986.00000000,1697848.00000000,1745565.00000000],
"dTLB-load-misses": [622471.00000000,624738.00000000,619703.00000000,623123.00000000,618428.00000000,617184.00000000,620238.00000000,620674.00000000,618573.00000000,619496.00000000,620238.00000000,619038.00000000,617045.00000000,618129.00000000,620326.00000000,631764.00000000,621152.00000000,623805.00000000,624862.00000000,618317.00000000,621314.00000000],
"weights": [37483350041.00000000,37548696980.00000000,37680910890.00000000,37727150547.00000000,37575884228.00000000,37686474245.00000000,37567776843.00000000,37602897038.00000000,37671457099.00000000,37529629454.00000000,37702648818.00000000,37852440322.00000000,37740533327.00000000,37666231556.00000000,37656061908.00000000,37746901274.00000000,37672319554.00000000,37654302475.00000000,37739444906.00000000,37436554465.00000000,37431564814.00000000],
"energy": [72776494.00000000,72975642.00000000,72900176.00000000,72994532.00000000,73020042.00000000,72941434.00000000,72778005.00000000,72837740.00000000,72983042.00000000,72992106.00000000,72983180.00000000,73203093.00000000,73162278.00000000,72805225.00000000,72844392.00000000,72740501.00000000,72763251.00000000,72889129.00000000,72918318.00000000,72924878.00000000,72855012.00000000]
}
