{
    "time": 0.7221945899526959,
    "perf_time": 0.7675799724221023,
    "instructions": 0.0038648840482425314,
    "cycles": 0.6012703082606196,
    "cache-references": 1.3860781529684851,
    "cache-misses": 1.0802218476601555,
    "branches": 0.007134869929695856,
    "branch-misses": 0.06733957711308146,
    "cpu-clock": 0.6924533171597701,
    "task-clock": 1.2473915925845112,
    "faults": 0.0052382967023307065,
    "minor-faults": 0.004120889583733191,
    "major-faults": 4.333920860207238,
    "cs": 42.75083324421634,
    "migrations": 110.36788463519511,
    "L1-dcache-loads": 0.5576112295634775,
    "L1-dcache-load-misses": 6.280842528752864,
    "dTLB-loads": 1.3197581128806124,
    "dTLB-load-misses": 3.954526351820216,
    "weights": 0.5233666111747008,
    "energy": 1.1541557872828427
}