{
"time": [12.72,12.64,12.93,12.59,12.75,12.78,12.98,12.81,12.79,12.93,12.85,12.82,12.80,12.97,13.08,12.88,12.99,13.04,12.87,12.80,12.70],
"perf_time": [12.79492365,12.81076860,13.12235559,12.96244259,12.96608336,12.74683750,12.91551324,13.05447257,12.78978994,12.90979964,12.94895884,12.76230455,12.92243901,13.06325172,13.08878308,12.80790475,12.67667255,12.77647603,12.83223308,12.83953830,13.24090203],
"instructions": [74394449649.00000000,74393928157.00000000,74394352968.00000000,74394786126.00000000,74395141487.00000000,74396086247.00000000,74395476134.00000000,74393989791.00000000,74395060657.00000000,74393656834.00000000,74395106154.00000000,74396216200.00000000,74394768289.00000000,74394340976.00000000,74394184548.00000000,74394802258.00000000,74394592717.00000000,74394186425.00000000,74398779314.00000000,74394519145.00000000,74393124155.00000000],
"cycles": [53231824295.00000000,53159661645.00000000,53036642920.00000000,52489560561.00000000,52040306726.00000000,51785754959.00000000,52162155734.00000000,52424750919.00000000,52042789842.00000000,53157699197.00000000,52363650051.00000000,52588499891.00000000,52593481803.00000000,52380345363.00000000,52904438239.00000000,52133137836.00000000,52292212408.00000000,52109510342.00000000,52467368020.00000000,52466040632.00000000,52313513039.00000000],
"cache-references": [1500843472.00000000,1499164294.00000000,1497407480.00000000,1497600808.00000000,1498755669.00000000,1499861524.00000000,1497704170.00000000,1500947529.00000000,1498307228.00000000,1496199832.00000000,1499421996.00000000,1498883122.00000000,1501107530.00000000,1498922510.00000000,1500106045.00000000,1497274041.00000000,1498511809.00000000,1498719473.00000000,1497376946.00000000,1499259152.00000000,1501505637.00000000],
"cache-misses": [445217486.00000000,445277442.00000000,452467670.00000000,444908266.00000000,447636199.00000000,447918807.00000000,447938919.00000000,445644727.00000000,444656092.00000000,448755556.00000000,447159063.00000000,450816662.00000000,449220969.00000000,445789960.00000000,448666532.00000000,447961729.00000000,447190450.00000000,451200795.00000000,447387282.00000000,445360725.00000000,448183505.00000000],
"branches": [11387671683.00000000,11387410919.00000000,11387365208.00000000,11387348760.00000000,11387406419.00000000,11387474385.00000000,11387417737.00000000,11387486529.00000000,11387162573.00000000,11387495479.00000000,11387555016.00000000,11387752246.00000000,11387768856.00000000,11387874621.00000000,11387437099.00000000,11387982760.00000000,11387504167.00000000,11387454985.00000000,11387582771.00000000,11387658199.00000000,11387059266.00000000],
"branch-misses": [611121359.00000000,611392134.00000000,610205141.00000000,609642938.00000000,610074238.00000000,609772847.00000000,608883556.00000000,611879903.00000000,609627679.00000000,608639861.00000000,608190611.00000000,609791252.00000000,609710506.00000000,609495914.00000000,611720359.00000000,610377056.00000000,609209126.00000000,611383787.00000000,610943229.00000000,610996857.00000000,609740114.00000000],
"cpu-clock": [13.04504430,12.88702792,12.84587887,12.92838748,12.84763161,12.96652518,12.84612220,12.78260728,12.93375634,12.82401664,12.90258954,12.67855694,12.87270502,13.06261309,12.92113073,12.84930579,12.86500862,12.85063229,13.05665148,13.14386483,12.89924573],
"task-clock": [12.81110237,12.88278016,13.02082051,12.75677183,12.94661872,12.96797027,12.81575543,12.90229474,13.24587782,13.05381137,13.04694252,12.83833249,13.16120070,13.03297518,12.78830328,12.77593127,13.04305905,12.96322041,12.88947049,12.76173478,12.89543727],
"faults": [3886.00000000,3888.00000000,3889.00000000,3887.00000000,3889.00000000,3885.00000000,3889.00000000,3891.00000000,3887.00000000,3886.00000000,3889.00000000,3887.00000000,3890.00000000,3888.00000000,3890.00000000,3885.00000000,3888.00000000,3889.00000000,3884.00000000,3887.00000000,3887.00000000],
"minor-faults": [3881.00000000,3887.00000000,3885.00000000,3887.00000000,3883.00000000,3885.00000000,3883.00000000,3884.00000000,3884.00000000,3883.00000000,3881.00000000,3884.00000000,3885.00000000,3882.00000000,3882.00000000,3884.00000000,3881.00000000,3884.00000000,3886.00000000,3886.00000000,3884.00000000],
"major-faults": [4.00000000,4.00000000,4.00000000,4.00000000,4.00000000,4.00000000,4.00000000,4.00000000,4.00000000,4.00000000,4.00000000,4.00000000,4.00000000,4.00000000,4.00000000,4.00000000,4.00000000,4.00000000,4.00000000,4.00000000,4.00000000],
"cs": [75.00000000,134.00000000,147.00000000,103.00000000,145.00000000,100.00000000,77.00000000,70.00000000,72.00000000,119.00000000,116.00000000,80.00000000,175.00000000,59.00000000,75.00000000,82.00000000,73.00000000,74.00000000,108.00000000,86.00000000,80.00000000],
"migrations": [3.00000000,3.00000000,0.00000000,3.00000000,2.00000000,2.00000000,0.00000000,0.00000000,2.00000000,4.00000000,0.00000000,1.00000000,3.00000000,2.00000000,0.00000000,0.00000000,0.00000000,0.00000000,2.00000000,0.00000000,0.00000000],
"L1-dcache-loads": [35697055886.00000000,35664916851.00000000,35694278862.00000000,35677158511.00000000,35678391589.00000000,35785674138.00000000,35676676447.00000000,35661377652.00000000,35454412470.00000000,35669912525.00000000,35665062953.00000000,35825515809.00000000,35755083288.00000000,35685276166.00000000,35653136913.00000000,35657681952.00000000,35700309413.00000000,35663860896.00000000,35674071605.00000000,35666910725.00000000,35672560479.00000000],
"L1-dcache-load-misses": [1026732261.00000000,1028666233.00000000,1027343547.00000000,1028199059.00000000,1029536828.00000000,1027848522.00000000,1028923300.00000000,1029017073.00000000,1029826762.00000000,1029106787.00000000,1026758144.00000000,1027561637.00000000,1028941789.00000000,1028954943.00000000,1029581740.00000000,1028676309.00000000,1029144202.00000000,1031005327.00000000,1026488639.00000000,1028155024.00000000,1028610209.00000000],
"dTLB-loads": [617656338.00000000,614050450.00000000,614074666.00000000,617853861.00000000,614708312.00000000,614892181.00000000,614211159.00000000,614123641.00000000,616517041.00000000,614136251.00000000,614814438.00000000,614069651.00000000,617508905.00000000,614616328.00000000,617794611.00000000,614043056.00000000,614105623.00000000,614174723.00000000,614074617.00000000,616830342.00000000,614235065.00000000],
"dTLB-load-misses": [1543004.00000000,1067724.00000000,1135633.00000000,1020179.00000000,1215763.00000000,1238482.00000000,1005760.00000000,1323699.00000000,1478667.00000000,1296540.00000000,1059078.00000000,1135610.00000000,954973.00000000,1165823.00000000,920286.00000000,1648207.00000000,1465481.00000000,914954.00000000,837811.00000000,1262522.00000000,1081254.00000000],
"weights": [36623397503.00000000,36326096242.00000000,36819283922.00000000,36689749496.00000000,36878145342.00000000,36637201717.00000000,36227301875.00000000,36378175732.00000000,36730275313.00000000,36473899939.00000000,36309543463.00000000,36655104122.00000000,36728640933.00000000,36804347426.00000000,36618279717.00000000,36390368554.00000000,36609852881.00000000,36742548492.00000000,36635112905.00000000,36891170176.00000000,36345566891.00000000],
"energy": [88260862.00000000,88168078.00000000,87892519.00000000,87902223.00000000,87512030.00000000,88422520.00000000,88363701.00000000,87453928.00000000,87600450.00000000,88509324.00000000,88329386.00000000,88263440.00000000,88274564.00000000,88521622.00000000,88564680.00000000,88463625.00000000,87597017.00000000,87962949.00000000,88544692.00000000,87266254.00000000,88119406.00000000]
}
