{
    "time": 1.0,
    "perf_time": 1.008520310626703,
    "instructions": 16111967965.395096,
    "cycles": 4105516969.482289,
    "cache-references": 231697.82016348775,
    "cache-misses": 39672.75204359673,
    "branches": 3318963435.4223433,
    "branch-misses": 6930463.215258855,
    "cpu-clock": 1.0085809972752044,
    "task-clock": 1.0088991553133515,
    "faults": 24.795640326975477,
    "minor-faults": 22.3433242506812,
    "major-faults": 2.7247956403269757,
    "cs": 7.084468664850136,
    "migrations": 0.0,
    "L1-dcache-loads": 1177544832.9700272,
    "L1-dcache-load-misses": 26012.806539509536,
    "dTLB-loads": 2748.773841961853,
    "dTLB-load-misses": 598.3651226158038,
    "weights": 3291193480.653951,
    "energy": 8189712.806539509
}