{
"time": [3.66,3.62,3.66,3.66,3.67,3.65,3.65,3.67,3.66,3.67,3.68,3.67,3.74,3.67,3.67,3.65,3.68,3.68,3.67,3.71,3.71],
"perf_time": [3.71056907,3.68834884,3.70148146,3.68530245,3.69235578,3.68439078,3.69952750,3.69482335,3.70885183,3.70917056,3.70764692,3.69377799,3.72297819,3.69753933,3.69622276,3.70145122,3.70126954,3.69445340,3.71389510,3.80309452,3.70520966],
"instructions": [59130946931.00000000,59130877240.00000000,59130797722.00000000,59130739292.00000000,59130823882.00000000,59130932565.00000000,59130953647.00000000,59130922433.00000000,59130887451.00000000,59130758731.00000000,59130701248.00000000,59130956606.00000000,59130946406.00000000,59130917249.00000000,59130928349.00000000,59130951108.00000000,59130785467.00000000,59131179800.00000000,59130765737.00000000,59131000665.00000000,59131033177.00000000],
"cycles": [15079810768.00000000,15076134207.00000000,15053733105.00000000,15067247278.00000000,15060494141.00000000,15055308137.00000000,15074200179.00000000,15071936503.00000000,15045654774.00000000,15057010116.00000000,15075570864.00000000,15047862692.00000000,15066331685.00000000,15102478367.00000000,15066044848.00000000,15106382210.00000000,15089370291.00000000,15055026321.00000000,15073422827.00000000,15039123590.00000000,15115773641.00000000],
"cache-references": [834357.00000000,835039.00000000,879883.00000000,855965.00000000,850331.00000000,832056.00000000,864588.00000000,860003.00000000,889249.00000000,856924.00000000,863442.00000000,833413.00000000,827505.00000000,844927.00000000,841471.00000000,865423.00000000,834493.00000000,815179.00000000,874282.00000000,847494.00000000,860683.00000000],
"cache-misses": [142269.00000000,149128.00000000,148420.00000000,146025.00000000,161952.00000000,144398.00000000,140849.00000000,145447.00000000,146590.00000000,147126.00000000,146109.00000000,141444.00000000,147699.00000000,145599.00000000,144032.00000000,178142.00000000,146153.00000000,141506.00000000,145310.00000000,141546.00000000,144108.00000000],
"branches": [12180616935.00000000,12180569162.00000000,12180597065.00000000,12180609122.00000000,12180618441.00000000,12180604707.00000000,12180601304.00000000,12180554395.00000000,12180590137.00000000,12180594117.00000000,12180570954.00000000,12180565313.00000000,12180575345.00000000,12180595808.00000000,12180588516.00000000,12180611173.00000000,12180550780.00000000,12180592871.00000000,12180620609.00000000,12180607404.00000000,12180626773.00000000],
"branch-misses": [25457603.00000000,25485075.00000000,25427417.00000000,25461403.00000000,25484855.00000000,25427487.00000000,25430469.00000000,25427687.00000000,25435140.00000000,25444812.00000000,25432363.00000000,25419282.00000000,25476152.00000000,25411456.00000000,25447677.00000000,25424371.00000000,25448235.00000000,25434800.00000000,25452321.00000000,25430383.00000000,25426160.00000000],
"cpu-clock": [3.70190239,3.68864214,3.69959071,3.69739200,3.71054205,3.68869847,3.71152600,3.70733248,3.69467980,3.70853420,3.69911024,3.69526216,3.69782303,3.71136273,3.71240190,3.69082465,3.70149226,3.71099246,3.69424086,3.70802146,3.73010337],
"task-clock": [3.70648207,3.69681633,3.71024388,3.70301268,3.69455010,3.71189396,3.70054713,3.71207276,3.69596378,3.69794345,3.70634485,3.71867331,3.69834981,3.70284553,3.70265990,3.71285358,3.69035501,3.70022239,3.69756277,3.70011180,3.70963744],
"faults": [93.00000000,91.00000000,90.00000000,92.00000000,91.00000000,90.00000000,93.00000000,90.00000000,91.00000000,91.00000000,91.00000000,91.00000000,93.00000000,91.00000000,92.00000000,91.00000000,91.00000000,92.00000000,92.00000000,91.00000000,92.00000000],
"minor-faults": [80.00000000,80.00000000,81.00000000,82.00000000,82.00000000,82.00000000,82.00000000,82.00000000,81.00000000,83.00000000,82.00000000,81.00000000,82.00000000,82.00000000,82.00000000,82.00000000,81.00000000,82.00000000,80.00000000,83.00000000,80.00000000],
"major-faults": [10.00000000,10.00000000,10.00000000,10.00000000,10.00000000,10.00000000,10.00000000,10.00000000,10.00000000,10.00000000,10.00000000,10.00000000,10.00000000,10.00000000,10.00000000,10.00000000,10.00000000,10.00000000,10.00000000,10.00000000,10.00000000],
"cs": [24.00000000,27.00000000,28.00000000,24.00000000,39.00000000,20.00000000,26.00000000,28.00000000,22.00000000,21.00000000,30.00000000,23.00000000,23.00000000,28.00000000,27.00000000,29.00000000,20.00000000,22.00000000,19.00000000,33.00000000,37.00000000],
"migrations": [0.00000000,1.00000000,0.00000000,0.00000000,0.00000000,0.00000000,2.00000000,0.00000000,0.00000000,3.00000000,0.00000000,0.00000000,0.00000000,0.00000000,0.00000000,2.00000000,1.00000000,0.00000000,0.00000000,0.00000000,1.00000000],
"L1-dcache-loads": [4326373853.00000000,4325988874.00000000,4325440209.00000000,4330519042.00000000,4318290727.00000000,4259703291.00000000,4325893273.00000000,4321589537.00000000,4325661833.00000000,4235466142.00000000,4238871188.00000000,4314294522.00000000,4319755399.00000000,4311086702.00000000,4280809893.00000000,4295153414.00000000,4329399347.00000000,4330586623.00000000,4325681751.00000000,4323128692.00000000,4314335952.00000000],
"L1-dcache-load-misses": [92261.00000000,93460.00000000,100476.00000000,96505.00000000,100426.00000000,92760.00000000,97483.00000000,97608.00000000,94523.00000000,105892.00000000,95148.00000000,100782.00000000,97409.00000000,94868.00000000,94130.00000000,93825.00000000,98131.00000000,92140.00000000,95467.00000000,94605.00000000,95677.00000000],
"dTLB-loads": [9406.00000000,10008.00000000,10006.00000000,9820.00000000,10905.00000000,9639.00000000,9505.00000000,10497.00000000,9703.00000000,10079.00000000,10088.00000000,11366.00000000,12218.00000000,10228.00000000,10452.00000000,18007.00000000,10031.00000000,10036.00000000,20505.00000000,10244.00000000,17345.00000000],
"dTLB-load-misses": [2181.00000000,2541.00000000,2146.00000000,2270.00000000,2423.00000000,2250.00000000,2394.00000000,2648.00000000,2165.00000000,2200.00000000,2152.00000000,2191.00000000,2214.00000000,2196.00000000,2536.00000000,2142.00000000,2144.00000000,2160.00000000,2220.00000000,2189.00000000,2155.00000000],
"weights": [12060755043.00000000,12135408955.00000000,12027364034.00000000,12078680074.00000000,12059362312.00000000,12046124150.00000000,12159628054.00000000,12078619045.00000000,12134127310.00000000,12088955355.00000000,12185112346.00000000,12054347287.00000000,12227021750.00000000,12099632189.00000000,11979540317.00000000,12219171268.00000000,12116494902.00000000,12033578397.00000000,12043319692.00000000,12133410995.00000000,12045897594.00000000],
"energy": [30013584.00000000,30033161.00000000,30031344.00000000,29952950.00000000,30056246.00000000,29996984.00000000,29941689.00000000,30315464.00000000,30046725.00000000,30237449.00000000,29944390.00000000,30246162.00000000,30294485.00000000,30030292.00000000,30130766.00000000,30200250.00000000,30167172.00000000,30060243.00000000,30329913.00000000,30410262.00000000,29991766.00000000]
}
