{
"time": 3.67,
"perf_time": 3.70126954,
"instructions": 59130922433.00000000,
"cycles": 15067247278.00000000,
"cache-references": 850331.00000000,
"cache-misses": 145599.00000000,
"branches": 12180595808.00000000,
"branch-misses": 25434800.00000000,
"cpu-clock": 3.70149226,
"task-clock": 3.70265990,
"faults": 91.00000000,
"minor-faults": 82.00000000,
"major-faults": 10.00000000,
"cs": 26.00000000,
"migrations": 0.00000000,
"L1-dcache-loads": 4321589537.00000000,
"L1-dcache-load-misses": 95467.00000000,
"dTLB-loads": 10088.00000000,
"dTLB-load-misses": 2196.00000000,
"weights": 12078680074.00000000,
"energy": 30056246.00000000
}
