{
    "time": 0.6633832348920587,
    "perf_time": 0.6420305209077515,
    "instructions": 0.0001862878091546759,
    "cycles": 0.13015574522381532,
    "cache-references": 2.1563805464894354,
    "cache-misses": 5.5083862810536806,
    "branches": 0.00017537759475393344,
    "branch-misses": 0.08028538118879756,
    "cpu-clock": 0.2644667744569918,
    "task-clock": 0.1900488047211564,
    "faults": 0.9832184608709332,
    "minor-faults": 1.1113491583201196,
    "major-faults": 0.0,
    "cs": 20.087412283104186,
    "migrations": 178.88543819998318,
    "L1-dcache-loads": 0.6681822821538766,
    "L1-dcache-load-misses": 3.432604891534025,
    "dTLB-loads": 26.608468527664513,
    "dTLB-load-misses": 6.539482217739398,
    "weights": 0.5231229754131492,
    "energy": 0.46111796525496473
}